symbol,entryPrice,txHash,timestamp,signalScore,marketRegime,tp,sl,rsi,macdHist,emaSlope,atrPct,leverage,atr,adx,adxSlope,volumePct,breakevenActivated,trailingTPPct,perPositionBudget,divergenceScore,tradeType,note,phase,highestFav,lowestFav,slPrice,triggeredBy,entryReason,side,rrr,fallbackTP,fallbackSL,fallbackRRR,regime,breakevenLogged
"AVAX",17.843,"38831413294",1757304175615,0.9018181818181819,"bullish",0.9694619097759227,0.48473095488796136,62.14,-0.10165891039361818,0.01131283332744476,0.027166985559076092,10,0.48473095488796136,23.683965841485147,-0.8866221317365799,1.1935668042296903,false,0,10,0.501,"anticipation","ðŸ§  MOS=-0.1578 â†’ Strong Short Bias + sniper short âœ… | bullish short âœ…","init",,,,"evaluateSignalOnly","ðŸ§  MOS=-0.1578 â†’ Strong Short Bias + sniper short âœ… | bullish short âœ…","SHORT",2,,,,,
"NEAR",2.3252,"38831479239",1757304281640,0.6781818181818182,"neutral",0.07584518972738542,0.03792259486369271,50.42,-0.004229436884133873,0.002050758988952437,0.016309676573581657,20,0.03792259486369271,16.868841968684713,-0.6198682172092944,0.8409670528137685,false,0,10,0.1602,"anticipation","ðŸ§  MOS=-0.1312 â†’ Strong Short Bias + sniper short âœ… | bullish short âœ…","init",,,,"evaluateSignalOnly","ðŸ§  MOS=-0.1312 â†’ Strong Short Bias + sniper short âœ… | bullish short âœ…","SHORT",2,,,,,
"COMP",49.992,"38832831789",1757306883362,0.7818181818181817,"neutral",2.1621938980492814,1.0810969490246407,53.28,0.08254225088748024,0.013241544441300285,0.02162534197835012,5,1.0810969490246407,18.73191391523354,-0.491184054452912,1.169178517193805,false,0,10,0.5183,"anticipation","ðŸ§  MOS=0.2082 â†’ Strong Long Bias + sniper long âœ…","init",,,,"evaluateSignalOnly","ðŸ§  MOS=0.2082 â†’ Strong Long Bias + sniper long âœ…","LONG",2,,,,,
"SNX",0.67156,"38839313929",1757322192362,0.7818181818181817,"neutral",0.022363364167918218,0.011181682083959109,50.02,0.0022136592982198926,0.006525068186787642,0.016650336788555285,10,0.011181682083959109,17.91235606703109,-1.2407698681510837,0.8728883950542267,false,0,10,1,"anticipation","ðŸ§  MOS=0.2753 â†’ Strong Long Bias + sniper long âœ…","init",,,,"evaluateSignalOnly","ðŸ§  MOS=0.2753 â†’ Strong Long Bias + sniper long âœ…","LONG",2,,,,,
"BNB",1317,"38839329839",1757322220611,0.5909090909090908,"neutral",32.383172026611575,16.191586013305788,50.18,2.9659750627497967,-0.000667947393673669,0.012294736559125993,10,16.191586013305788,17.70027572087408,-1.3527751701667405,0.97053221177632,false,0,10,0.507,"anticipation","ðŸ§  MOS=0.2073 â†’ Strong Long Bias + sniper long âœ…","init",,,,"evaluateSignalOnly","ðŸ§  MOS=0.2073 â†’ Strong Long Bias + sniper long âœ…","LONG",2,,,,,
"AAVE",344.49,"38839762098",1757323026663,0.5527272727272726,"neutral",14.80062365077192,7.40031182538596,49.15,0.20126792869053267,-0.0011308574703479282,0.021482240706465542,10,7.40031182538596,13.923945032398379,-0.13487395283186743,1.0952426297489257,false,0,10,0,"anticipation","ðŸ§  MOS=0.2182 â†’ Strong Long Bias + sniper long âœ…","init",,,,"evaluateSignalOnly","ðŸ§  MOS=0.2182 â†’ Strong Long Bias + sniper long âœ…","LONG",2,,,,,
"PYTH",0.17747,"38839767149",1757323038120,0.7,"neutral",0.004204073436932049,0.0021020367184660244,48.92,0.0002448446459898092,-0.0027382164473585655,0.011844416244578803,10,0.0021020367184660244,15.525707137723025,-0.450460772449814,1.0373676264688991,false,0,10,0.7297,"anticipation","ðŸ§  MOS=0.2669 â†’ Strong Long Bias + sniper long âœ…","init",,,,"evaluateSignalOnly","ðŸ§  MOS=0.2669 â†’ Strong Long Bias + sniper long âœ…","LONG",2,,,,,
"WIF",0.87361,"38839796965",1757323093584,0.9018181818181819,"neutral",0.031041228448425676,0.015520614224212838,59.22,0.0017472979922956659,0.012283006619312356,0.01776610124113628,5,0.015520614224212838,22.94554904139409,0.029615813594425333,0.9623442802383648,false,0,10,0.6299,"anticipation","ðŸ§  MOS=0.2476 â†’ Strong Long Bias + sniper long âœ…","init",,,,"evaluateSignalOnly","ðŸ§  MOS=0.2476 â†’ Strong Long Bias + sniper long âœ…","LONG",2,,,,,
"FET",0.78611,"38839827911",1757323161898,0.9018181818181819,"bullish",0.028864271288597407,0.014432135644298703,60.06,0.0007429564345331277,0.015281240447481744,0.01835894811720978,10,0.014432135644298703,21.421147212261054,0.5457012547768656,1.1330779172326266,false,0,10,0.5933,"anticipation","ðŸ§  MOS=0.2740 â†’ Strong Long Bias + sniper long âœ…","init",,,,"evaluateSignalOnly","ðŸ§  MOS=0.2740 â†’ Strong Long Bias + sniper long âœ…","LONG",2,,,,,
"ALGO",0.22851,"38839845739",1757323206058,0.7654545454545455,"bearish",0.008613822551655059,0.004306911275827529,44.25,-0.001098456566171213,-0.002646411637805841,0.018847921529992945,5,0.004306911275827529,19.373365975396354,0.4215490397436312,0.8443097435632827,false,0,10,0.7973,"anticipation","ðŸ§  MOS=-0.2472 â†’ Strong Short Bias + sniper short âœ…","init",,,,"evaluateSignalOnly","ðŸ§  MOS=-0.2472 â†’ Strong Short Bias + sniper short âœ…","SHORT",2,,,,,
"COMP",53.627,"38839895128",1757323302452,0.9018181818181819,"bearish",1.6794216550552565,0.8397108275276283,44,0.1621026190129381,-0.004628490983032629,0.01565848224799286,5,0.8397108275276283,21.617581200806207,-0.6651728652952471,1.115648802814364,false,0,10,0.725,"anticipation","ðŸ§  MOS=0.1324 â†’ Strong Long Bias + sniper long âœ…","init",,,,"evaluateSignalOnly","ðŸ§  MOS=0.1324 â†’ Strong Long Bias + sniper long âœ…","LONG",2,,,,,
"FET",0.83579,"38839923685",1757323361500,0.7545454545454544,"neutral",0.021987535021991255,0.010993767510995628,48.38,-0.00035987953920278617,0.002281312521524421,0.013153695255897878,10,0.010993767510995628,22.202433745690335,-1.6628519064468783,0.9940255445584053,false,0,10,0.9126,"anticipation","ðŸ§  MOS=0.2330 â†’ Strong Long Bias + sniper long âœ… | bearish long âœ…","init",,,,"evaluateSignalOnly","ðŸ§  MOS=0.2330 â†’ Strong Long Bias + sniper long âœ… | bearish long âœ…","LONG",2,,,,,
"GALA",0.02292,"38839972153",1757323490454,0.8363636363636363,"neutral",0.0006044115011015899,0.00030220575055079496,51.49,0.00007297835644839827,0.014798762174700355,0.013183926071275887,10,0.00030220575055079496,21.6473831612265,-0.618093489709949,1.118530195361314,false,0,10,1,"anticipation","ðŸ§  MOS=0.3077 â†’ Strong Long Bias + sniper long âœ…","init",,,,"evaluateSignalOnly","ðŸ§  MOS=0.3077 â†’ Strong Long Bias + sniper long âœ…","LONG",2,,,,,
"TAO",375.5,"38839980321",1757323505835,0.8636363636363636,"neutral",13.793312166164526,6.896656083082263,61.48,1.2650063992471505,0.022267824180088453,0.018366528579498893,5,6.896656083082263,22.130596929259422,1.0560255595758115,1.14078267908619,false,0,10,0,"anticipation","ðŸ§  MOS=0.3032 â†’ Strong Long Bias + sniper long âœ…","init",,,,"evaluateSignalOnly","ðŸ§  MOS=0.3032 â†’ Strong Long Bias + sniper long âœ…","LONG",2,,,,,
"SOL",222.48,"38840026904",1757323607129,0.9181818181818181,"neutral",6.245603346383648,3.122801673191824,60.37,0.19365790402105887,0.014391252757600193,0.014036297224567734,10,3.122801673191824,31.26841160532197,0.7874385720897266,0.9436593251956606,false,0,10,0,"anticipation","ðŸ§  MOS=0.2193 â†’ Strong Long Bias + sniper long âœ…","init",,,,"evaluateSignalOnly","ðŸ§  MOS=0.2193 â†’ Strong Long Bias + sniper long âœ…","LONG",2,,,,,
"AVAX",30.945,"38855688180",1757351262772,0.8636363636363636,"neutral",0.9830408164834428,0.4915204082417214,37.84,-0.08897440801354461,-0.02010289145692901,0.015883726603831378,10,0.4915204082417214,22.507046888760083,0.5977688244371002,1.092816996949883,false,0,10,0,"anticipation","ðŸ§  MOS=0.1340 â†’ Strong Long Bias + sniper long âœ…","init",,,,"evaluateSignalOnly","ðŸ§  MOS=0.1340 â†’ Strong Long Bias + sniper long âœ…","LONG",2,,,,,
"AAVE",454.59,"38855698575",1757351280227,0.7272727272727272,"bearish",11.362023111540474,5.681011555770237,44.38,0.4478022696491013,-0.002600246565701496,0.01249694540254001,10,5.681011555770237,15.200828820457199,-0.3513843098653666,1.1314757051874702,false,0,10,0,"anticipation","ðŸ§  MOS=0.1809 â†’ Strong Long Bias + sniper long âœ…","init",,,,"evaluateSignalOnly","ðŸ§  MOS=0.1809 â†’ Strong Long Bias + sniper long âœ…","LONG",2,,,,,
"SUSHI",1.2218,"38855700682",1757351283828,0.6963636363636364,"neutral",0.03037170894213119,0.015185854471065595,51.1,0.00013982476206539102,0.0038963037860001094,0.012429116298706983,10,0.015185854471065595,18.361560055944445,0.1246542241065427,0.9264826112353572,false,0,10,0.2743,"anticipation","ðŸ§  MOS=0.1086 â†’ Strong Long Bias + sniper long âœ…","init",,,,"evaluateSignalOnly","ðŸ§  MOS=0.1086 â†’ Strong Long Bias + sniper long âœ…","LONG",2,,,,,
"GALA",0.01742,"38855700914",1757351284121,0.8472727272727273,"neutral",0.0006677018360736628,0.0003338509180368314,61.92,0.00004103805684880676,0.013470179938937643,0.01916539237974347,10,0.0003338509180368314,12.384028854787273,1.0962013035525402,0.8434496424881068,false,0,10,0.7518,"anticipation","ðŸ§  MOS=0.1947 â†’ Strong Long Bias + sniper long âœ…","init",,,,"evaluateSignalOnly","ðŸ§  MOS=0.1947 â†’ Strong Long Bias + sniper long âœ…","LONG",2,,,,,
"IMX",0.58815,"38855760471",1757351412191,0.7818181818181817,"neutral",0.027883323168153184,0.013941661584076592,47.59,0.0002658904693812968,0.0030195084052765204,0.023704125871082365,10,0.013941661584076592,12.757746785013474,-0.3949020838011794,0.9354825932546027,false,0,10,0.4544,"anticipation","ðŸ§  MOS=0.2196 â†’ Strong Long Bias + sniper long âœ…","init",,,,"evaluateSignalOnly","ðŸ§  MOS=0.2196 â†’ Strong Long Bias + sniper long âœ…","LONG",2,,,,,
"SUSHI",0.77672,"38855766387",1757351424377,0.8090909090909091,"neutral",0.03110495417595777,0.015552477087978885,49.94,-0.005289468108886471,-0.0015792709318031952,0.020023288810497086,10,0.015552477087978885,31.007702983246716,-1.7479509311303048,0.8757744863186543,false,0,10,0.8757,"anticipation","ðŸ§  MOS=-0.1466 â†’ Strong Short Bias + sniper short âœ…","init",,,,"evaluateSignalOnly","ðŸ§  MOS=-0.1466 â†’ Strong Short Bias + sniper short âœ…","SHORT",2,,,,,
"PYTH",0.16991,"38855768219",1757351428887,0.9018181818181819,"neutral",0.008054834590653294,0.004027417295326647,56.62,0.0009824675327490822,0.022676277332805733,0.023703682050111093,10,0.004027417295326647,27.783149275111633,-0.18324101199292997,1.0789416607828906,false,0,10,1,"anticipation","ðŸ§  MOS=0.1172 â†’ Strong Long Bias + sniper long âœ…","init",,,,"evaluateSignalOnly","ðŸ§  MOS=0.1172 â†’ Strong Long Bias + sniper long âœ…","LONG",2,,,,,
"EIGEN",1.8957,"38855770334",1757351435099,0.88,"neutral",0.07033111224818497,0.03516555612409249,57.69,0.006622245207351394,0.01678877838151509,0.018549982075044418,5,0.03516555612409249,21.575513267804492,1.7882229589508505,0.8525726983979534,false,0,10,0.2739,"anticipation","ðŸ§  MOS=0.2138 â†’ Strong Long Bias + sniper long âœ…","init",,,,"evaluateSignalOnly","ðŸ§  MOS=0.2138 â†’ Strong Long Bias + sniper long âœ…","LONG",2,,,,,
"AVAX",30.714,"38855787225",1757351457721,0.9563636363636363,"neutral",0.8217184436540907,0.4108592218270454,43.71,0.15652048833608367,-0.005120161409810768,0.013376907630389652,10,0.4108592218270454,32.952947048482784,-1.9721720187159235,1.168812570545594,false,0,10,1,"anticipation","ðŸ§  MOS=0.1619 â†’ Strong Long Bias + sniper long âœ… | bearish long âœ…","init",,,,"evaluateSignalOnly","ðŸ§  MOS=0.1619 â†’ Strong Long Bias + sniper long âœ… | bearish long âœ…","LONG",2,,,,,
"NEAR",3.3276,"38855840876",1757351548151,0.8363636363636363,"neutral",0.14106189942017272,0.07053094971008636,53.32,0.017482055287241446,0.01594817465144945,0.021195892300287462,20,0.07053094971008636,24.79573341081917,-0.49948326685407807,0.9297663275725002,false,0,10,1,"anticipation","ðŸ§  MOS=0.2259 â†’ Strong Long Bias + sniper long âœ…","init",,,,"evaluateSignalOnly","ðŸ§  MOS=0.2259 â†’ Strong Long Bias + sniper long âœ…","LONG",2,,,,,
"JUP",0.53873,"38855857052",1757351577850,0.7599999999999999,"neutral",0.022423661637318747,0.011211830818659374,47.58,-0.0006353285055406156,0.0033598544598920847,0.020811740055977378,50,0.011211830818659374,16.111843973187856,-1.14215459305451,1.022866428088397,false,0,10,0.2,"anticipation","ðŸ§  MOS=0.2551 â†’ Strong Long Bias + sniper long âœ… | bearish long âœ…","init",,,,"evaluateSignalOnly","ðŸ§  MOS=0.2551 â†’ Strong Long Bias + sniper long âœ… | bearish long âœ…","LONG",2,,,,,
"DOGE",0.24108,"38855869688",1757351605503,0.7,"neutral",0.008540502967971585,0.0042702514839857925,49.36,0.0009327900311354434,0.0029536093750585453,0.017712868744382975,10,0.0042702514839857925,19.179461506662616,-0.32133864198695505,1.1163298770247627,false,0,10,0.9873,"anticipation","ðŸ§  MOS=0.2039 â†’ Strong Long Bias + sniper long âœ… | bearish long âœ…","init",,,,"evaluateSignalOnly","ðŸ§  MOS=0.2039 â†’ Strong Long Bias + sniper long âœ… | bearish long âœ…","LONG",2,,,,,
"NEAR",3.7248,"38855870035",1757351606303,0.9018181818181819,"bullish",0.07840609511722285,0.039203047558611426,56.57,0.008372685940436721,0.009649180484605273,0.010524953970939962,20,0.039203047558611426,23.98226626235964,-0.3887680146236896,1.0968462826179066,false,0,10,1,"anticipation","ðŸ§  MOS=0.2096 â†’ Strong Long Bias + sniper long âœ…","init",,,,"evaluateSignalOnly","ðŸ§  MOS=0.2096 â†’ Strong Long Bias + sniper long âœ…","LONG",2,,,,,
"OP",0.76691,"38855871094",1757351608934,0.7345454545454545,"neutral",0.03137037166704816,0.01568518583352408,45.8,0.000014313905923523003,-0.007621628464586797,0.02045245182398503,50,0.01568518583352408,29.36750623765073,-0.8429076314511725,1.1364820960916056,false,0,10,0,"anticipation","ðŸ§  MOS=0.1623 â†’ Strong Long Bias + sniper long âœ…","init",,,,"evaluateSignalOnly","ðŸ§  MOS=0.1623 â†’ Strong Long Bias + sniper long âœ…","LONG",2,,,,,
"COMP",64.798,"38855879322",1757351626829,0.9018181818181819,"neutral",1.8535015262186816,0.9267507631093408,58.08,0.08570308975277963,0.014258471841581017,0.014302183775809163,5,0.9267507631093408,22.42393213296552,-0.3306645813098896,0.8323291060699035,false,0,10,0.6436,"anticipation","ðŸ§  MOS=0.1780 â†’ Strong Long Bias + sniper long âœ…","init",,,,"evaluateSignalOnly","ðŸ§  MOS=0.1780 â†’ Strong Long Bias + sniper long âœ…","LONG",2,,,,,
"ATOM",5.1821,"38855896705",1757351663192,0.9563636363636363,"neutral",0.17217402603800336,0.08608701301900168,59.26,0.005257276296588717,0.01913159670275659,0.016612434754595472,10,0.08608701301900168,34.89079629263527,-0.0032173333615261868,1.1764741747643943,false,0,10,0.7996,"anticipation","ðŸ§  MOS=0.2763 â†’ Strong Long Bias + sniper long âœ…","init",,,,"evaluateSignalOnly","ðŸ§  MOS=0.2763 â†’ Strong Long Bias + sniper long âœ…","LONG",2,,,,,
"DOGE",0.22244,"38855903872",1757351683352,0.8927272727272726,"bullish",0.011929617472467895,0.005964808736233947,62.19,0.00002333426440948765,0.01332502399168301,0.026814871508110016,10,0.005964808736233947,32.90732410626694,0.6520751186109308,1.0165634767687555,false,0,10,0.5764,"anticipation","ðŸ§  MOS=-0.1292 â†’ Strong Short Bias + sniper short âœ…","init",,,,"evaluateSignalOnly","ðŸ§  MOS=-0.1292 â†’ Strong Short Bias + sniper short âœ…","SHORT",2,,,,,
"FIL",2.6111,"38855916879",1757351711687,0.9563636363636363,"bullish",0.0771974374861015,0.03859871874305075,62.37,0.015109567159153594,0.016488276052311818,0.014782455839100147,10,0.03859871874305075,30.246708053058136,-1.0316268745421624,0.9122655111648792,false,0,10,1,"anticipation","ðŸ§  MOS=0.2507 â†’ Strong Long Bias + sniper long âœ…","init",,,,"evaluateSignalOnly","ðŸ§  MOS=0.2507 â†’ Strong Long Bias + sniper long âœ…","LONG",2,,,,,
"COMP",50.463,"38855917073",1757351712279,0.9018181818181819,"bearish",1.407789298278132,0.703894649139066,42.55,0.03941080558842894,-0.0052811868923808535,0.013948815362190581,5,0.703894649139066,23.889819836861346,-0.3422256624879907,0.8052014041886806,false,0,10,0.3315,"anticipation","ðŸ§  MOS=0.1445 â†’ Strong Long Bias + sniper long âœ…","init",,,,"evaluateSignalOnly","ðŸ§  MOS=0.1445 â†’ Strong Long Bias + sniper long âœ…","LONG",2,,,,,
"SUSHI",0.75981,"38855929205",1757351734772,0.7818181818181817,"neutral",0.023347425674727685,0.011673712837363842,47.65,-0.0031410140869310996,-0.008457234030224123,0.015363922115083705,10,0.011673712837363842,16.754870281053623,-0.5839001693257266,0.9037872063362945,false,0,10,0.5321,"anticipation","ðŸ§  MOS=-0.1313 â†’ Strong Short Bias + sniper short âœ…","init",,,,"evaluateSignalOnly","ðŸ§  MOS=-0.1313 â†’ Strong Short Bias + sniper short âœ…","SHORT",2,,,,,
"PYTH",0.16556,"38855931345",1757351741320,0.9018181818181819,"bullish",0.00852770676915171,0.004263853384575855,63.44,0.0005923634011341947,0.020351413307043084,0.02575344395372783,10,0.004263853384575855,29.76725696394167,0.1658511134707119,0.9614351517663322,false,0,10,1,"anticipation","ðŸ§  MOS=0.3509 â†’ Strong Long Bias + sniper long âœ…","init",,,,"evaluateSignalOnly","ðŸ§  MOS=0.3509 â†’ Strong Long Bias + sniper long âœ…","LONG",2,,,,,
"WLD",1.5833,"38855935681",1757351748927,0.8090909090909091,"neutral",0.06573618875698288,0.03286809437849144,58.82,0.002564180661550149,0.011789760023396401,0.020759457988733195,10,0.03286809437849144,13.14893326880316,-0.8770092008212309,0.9479521522453747,false,0,10,0,"anticipation","ðŸ§  MOS=0.1945 â†’ Strong Long Bias + sniper long âœ…","init",,,,"evaluateSignalOnly","ðŸ§  MOS=0.1945 â†’ Strong Long Bias + sniper long âœ…","LONG",2,,,,,
"DOGE",0.25905,"38855957712",1757351783850,0.7,"neutral",0.008387822300962734,0.004193911150481367,47.23,0.0011171415751505638,-0.0009886348738505225,0.016189518555257763,10,0.004193911150481367,36.82096616385689,-2.0333985003723285,0.9517056141984868,false,0,10,0.7911,"anticipation","ðŸ§  MOS=0.2427 â†’ Strong Long Bias + sniper long âœ…","init",,,,"evaluateSignalOnly","ðŸ§  MOS=0.2427 â†’ Strong Long Bias + sniper long âœ…","LONG",2,,,,,
"SUSHI",0.88569,"38855958067",1757351785072,0.8909090909090908,"neutral",0.02650242122468931,0.013251210612344655,49.31,0.0030091155984114347,-0.005344049745110895,0.014961428520466722,10,0.013251210612344655,33.831127395800635,-2.518110162934917,0.8225650188160595,false,0,10,0.6404,"anticipation","ðŸ§  MOS=0.1145 â†’ Strong Long Bias + sniper long âœ…","init",,,,"evaluateSignalOnly","ðŸ§  MOS=0.1145 â†’ Strong Long Bias + sniper long âœ…","LONG",2,,,,,
"EIGEN",1.4574,"38855967983",1757351802307,0.88,"bearish",0.05419328499347694,0.02709664249673847,37.73,0.0010853282580690696,-0.017345513641831144,0.018592159172571468,5,0.02709664249673847,21.81866420960138,0.5776415605365166,0.9084175229053646,false,0,10,0.2507,"anticipation","ðŸ§  MOS=0.2112 â†’ Strong Long Bias + sniper long âœ…","init",,,,"evaluateSignalOnly","ðŸ§  MOS=0.2112 â†’ Strong Long Bias + sniper long âœ…","LONG",2,,,,,
"PYTH",0.22646,"38856093627",1757352032731,0.8472727272727273,"bullish",0.006187514263149751,0.0030937571315748755,62.06,0.0004729113026466388,0.01587465963350882,0.013661160871552797,10,0.0030937571315748755,19.90373088242725,1.1136613384404477,0.7962797666486816,false,0,10,0.3441,"anticipation","ðŸ§  MOS=0.1824 â†’ Strong Long Bias + sniper long âœ…","init",,,,"evaluateSignalOnly","ðŸ§  MOS=0.1824 â†’ Strong Long Bias + sniper long âœ…","LONG",2,,,,,
"EIGEN",2.0995,"38856099482",1757352044240,0.7545454545454544,"neutral",0.05914190799774418,0.02957095399887209,49.28,0.01056457461234412,0.0018096554429115426,0.014084863131944016,5,0.02957095399887209,26.95183269022641,-1.548280546002367,0.8100129589385824,false,0,10,0.5617,"anticipation","ðŸ§  MOS=0.2108 â†’ Strong Long Bias + sniper long âœ…","init",,,,"evaluateSignalOnly","ðŸ§  MOS=0.2108 â†’ Strong Long Bias + sniper long âœ…","LONG",2,,,,,
"SUSHI",0.87319,"38856125729",1757352094706,0.7,"neutral",0.024493167941239336,0.012246583970619668,49.52,0.0015612067798765664,0.0018817375650127144,0.014025144652502338,10,0.012246583970619668,12.142921125649941,0.17699951144682302,0.971598625799108,false,0,10,0.4909,"anticipation","ðŸ§  MOS=0.2202 â†’ Strong Long Bias + sniper long âœ…","init",,,,"evaluateSignalOnly","ðŸ§  MOS=0.2202 â†’ Strong Long Bias + sniper long âœ…","LONG",2,,,,,
"ADA",1.0565,"38856171299",1757352165465,0.8472727272727273,"neutral",0.042260616259539995,0.021130308129769997,40.48,0.0006703821857547386,-0.010294542505497965,0.02000054635396061,3,0.021130308129769997,17.497750344579767,0.05157294628924802,1.058700117286188,false,0,10,0.3164,"anticipation","ðŸ§  MOS=0.1726 â†’ Strong Long Bias + sniper long âœ…","init",,,,"evaluateSignalOnly","ðŸ§  MOS=0.1726 â†’ Strong Long Bias + sniper long âœ…","LONG",2,,,,,
"NEAR",2.7532,"38856176215",1757352176960,0.7599999999999999,"neutral",0.11195471951961118,0.05597735975980559,51.69,0.00932577441506093,0.007501173599871286,0.020331687942330142,20,0.05597735975980559,18.982753646495937,0.6987631120453308,1.1324125278579258,false,0,10,0.2946,"anticipation","ðŸ§  MOS=0.2330 â†’ Strong Long Bias + sniper long âœ…","init",,,,"evaluateSignalOnly","ðŸ§  MOS=0.2330 â†’ Strong Long Bias + sniper long âœ…","LONG",2,,,,,
"FET",0.74547,"38856188336",1757352200825,0.9018181818181819,"bearish",0.017709683082509687,0.008854841541254843,39.16,0.0004070647646037028,-0.011688407277827195,0.011878125216296444,10,0.008854841541254843,21.68442352823747,0.4702269030366608,1.1327691311476746,false,0,10,1,"anticipation","ðŸ§  MOS=0.2082 â†’ Strong Long Bias + sniper long âœ… | bearish long âœ…","init",,,,"evaluateSignalOnly","ðŸ§  MOS=0.2082 â†’ Strong Long Bias + sniper long âœ… | bearish long âœ…","LONG",2,,,,,
"WIF",0.96525,"38856191599",1757352207498,0.9345454545454545,"neutral",0.031144945692312118,0.015572472846156059,56.24,0.0004736534472593208,0.012844539366657411,0.016133126705982246,5,0.015572472846156059,31.77646834191438,0.06912908472709134,1.1632359962798955,false,0,10,0.2335,"anticipation","ðŸ§  MOS=0.1909 â†’ Strong Long Bias + sniper long âœ…","init",,,,"evaluateSignalOnly","ðŸ§  MOS=0.1909 â†’ Strong Long Bias + sniper long âœ…","LONG",2,,,,,
"IMX",0.42618,"38856209497",1757352243871,0.9018181818181819,"neutral",0.030704086992599876,0.015352043496299938,37.15,-0.007229560055117702,-0.02447162952164146,0.03602268864993148,10,0.015352043496299938,26.388571425692888,1.589462251825676,1.1153832948630202,false,0,10,1,"anticipation","ðŸ§  MOS=-0.1262 â†’ Strong Short Bias + sniper short âœ…","init",,,,"evaluateSignalOnly","ðŸ§  MOS=-0.1262 â†’ Strong Short Bias + sniper short âœ…","SHORT",2,,,,,
"ARB",0.5841,"38856237567",1757352293954,0.88,"neutral",0.02092292559965812,0.01046146279982906,42.41,0.00028313759009411694,-0.013970014822048423,0.017910346058873206,10,0.01046146279982906,23.389783140821308,0.40345449302432357,1.1191395266575792,false,0,10,0.1255,"anticipation","ðŸ§  MOS=0.1450 â†’ Strong Long Bias + sniper long âœ…","init",,,,"evaluateSignalOnly","ðŸ§  MOS=0.1450 â†’ Strong Long Bias + sniper long âœ…","LONG",2,,,,,
"TAO",269.98,"38856247922",1757352314199,0.8090909090909091,"neutral",10.176746733725007,5.088373366862504,43.65,-1.0397559669110312,-0.011563983530160868,0.01884755148885618,5,5.088373366862504,13.089813007586955,0.25440722575974206,0.9552884322048625,false,0,10,0,"anticipation","ðŸ§  MOS=-0.1156 â†’ Strong Short Bias + sniper short âœ…","init",,,,"evaluateSignalOnly","ðŸ§  MOS=-0.1156 â†’ Strong Short Bias + sniper short âœ…","SHORT",2,,,,,
"AVAX",33.039,"38856264417",1757352342606,0.8636363636363636,"bearish",0.7998247757816805,0.39991238789084027,34.02,-0.04149482490774786,-0.020578571118646586,0.012104354889467686,10,0.39991238789084027,28.84639156568791,1.513911542340928,0.8384446792530308,false,0,10,0,"anticipation","ðŸ§  MOS=0.2009 â†’ Strong Long Bias + sniper long âœ…","init",,,,"evaluateSignalOnly","ðŸ§  MOS=0.2009 â†’ Strong Long Bias + sniper long âœ…","LONG",2,,,,,
"ATOM",3.7877,"38856265693",1757352345539,0.6454545454545454,"neutral",0.2012534276986344,0.1006267138493172,53.96,-0.018556205201473427,-0.0004596905410911156,0.026566439111120617,10,0.1006267138493172,24.43303023592296,-0.5333045064567834,1.0614254620875383,false,0,10,1,"anticipation","ðŸ§  MOS=-0.1205 â†’ Strong Short Bias + sniper short âœ…","init",,,,"evaluateSignalOnly","ðŸ§  MOS=-0.1205 â†’ Strong Short Bias + sniper short âœ…","SHORT",2,,,,,
"SAND",0.31437,"38856266521",1757352347793,0.7,"neutral",0.010257671304154933,0.005128835652077467,52.84,0.0014173128735499932,-0.001429248420055696,0.01631472719084385,5,0.005128835652077467,40.77048651410614,-2.961618759653426,0.9867989320983577,false,0,10,0.6797,"anticipation","ðŸ§  MOS=0.1396 â†’ Strong Long Bias + sniper long âœ…","init",,,,"evaluateSignalOnly","ðŸ§  MOS=0.1396 â†’ Strong Long Bias + sniper long âœ…","LONG",2,,,,,
"NEAR",3.0074,"38856276687",1757352366395,0.9018181818181819,"neutral",0.08762579107614105,0.04381289553807052,58.12,0.0065135502426514405,0.01907752822538728,0.014568477197986724,20,0.04381289553807052,21.342944695268017,0.27766381496353176,0.8486820340757366,false,0,10,0.37,"anticipation","ðŸ§  MOS=0.3350 â†’ Strong Long Bias + sniper long âœ…","init",,,,"evaluateSignalOnly","ðŸ§  MOS=0.3350 â†’ Strong Long Bias + sniper long âœ…","LONG",2,,,,,
"BNB",871.91,"38856283556",1757352383539,0.9018181818181819,"bullish",28.56758624349205,14.283793121746024,55.5,-0.652390022088535,0.008399757697388129,0.016382280678598343,10,14.283793121746024,24.242879949501326,-0.6421252070521142,0.9340692385151402,false,0,10,1,"anticipation","ðŸ§  MOS=-0.1093 â†’ Strong Short Bias + sniper short âœ…","init",,,,"evaluateSignalOnly","ðŸ§  MOS=-0.1093 â†’ Strong Short Bias + sniper short âœ…","SHORT",2,,,,,
"SOL",200.4,"38856285414",1757352386538,0.8636363636363636,"neutral",6.285175354343797,3.1425876771718984,43.66,-0.3949553270643704,-0.015797321796304727,0.015681435104900797,10,3.1425876771718984,24.680259944741316,-0.006042958674367327,1.0841723218961168,false,0,10,0,"anticipation","ðŸ§  MOS=-0.1588 â†’ Strong Short Bias + sniper short âœ…","init",,,,"evaluateSignalOnly","ðŸ§  MOS=-0.1588 â†’ Strong Short Bias + sniper short âœ…","SHORT",2,,,,,
"ARB",0.53575,"38856289226",1757352397431,0.8090909090909091,"neutral",0.024991887929730863,0.012495943964865431,43.96,0.0001445459148566846,-0.012558870082896295,0.023324228774870812,10,0.012495943964865431,12.571304823600316,-0.7043731749322877,1.1179383971246581,false,0,10,0,"anticipation","ðŸ§  MOS=0.1707 â†’ Strong Long Bias + sniper long âœ…","init",,,,"evaluateSignalOnly","ðŸ§  MOS=0.1707 â†’ Strong Long Bias + sniper long âœ…","LONG",2,,,,,
"ALGO",0.31215,"38856290017",1757352400164,0.9345454545454545,"neutral",0.006430107157248917,0.0032150535786244585,41.65,0.0003560745179350478,-0.015621266483610029,0.010299787412898892,5,0.0032150535786244585,38.36088989888217,-0.8768587283165132,1.1033139278744166,false,0,10,0.1614,"anticipation","ðŸ§  MOS=0.2041 â†’ Strong Long Bias + sniper long âœ…","init",,,,"evaluateSignalOnly","ðŸ§  MOS=0.2041 â†’ Strong Long Bias + sniper long âœ…","LONG",2,,,,,
"GALA",0.01776,"38856298330",1757352415715,0.8090909090909091,"bearish",0.0005596900716060604,0.0002798450358030302,42.81,-0.00001596082178716336,-0.005661484492575165,0.015755445284552704,10,0.0002798450358030302,18.297279992964995,0.3759905121536562,0.8366712635072947,false,0,10,0,"anticipation","ðŸ§  MOS=0.1730 â†’ Strong Long Bias + sniper long âœ…","init",,,,"evaluateSignalOnly","ðŸ§  MOS=0.1730 â†’ Strong Long Bias + sniper long âœ…","LONG",2,,,,,
"SOL",284.57,"38856308294",1757352437910,0.5909090909090908,"neutral",7.6206299678507055,3.8103149839253527,47.62,0.1731134065156355,-0.00023932673661055786,0.013389571765633825,10,3.8103149839253527,17.468105393835526,-1.2490347280229415,1.0850975490158865,false,0,10,0.4491,"anticipation","ðŸ§  MOS=0.1948 â†’ Strong Long Bias + sniper long âœ… | bearish long âœ…","init",,,,"evaluateSignalOnly","ðŸ§  MOS=0.1948 â†’ Strong Long Bias + sniper long âœ… | bearish long âœ…","LONG",2,,,,,
"WLD",1.7949,"38856320339",1757352478063,0.8527272727272727,"neutral",0.07951177295475696,0.03975588647737848,47.69,0.003965030909756143,-0.008463792559996235,0.022149791747613633,10,0.03975588647737848,31.9062466839868,-0.6976826719980664,1.0877837276864482,false,0,10,0,"anticipation","ðŸ§  MOS=0.1010 â†’ Strong Long Bias + sniper long âœ…","init",,,,"evaluateSignalOnly","ðŸ§  MOS=0.1010 â†’ Strong Long Bias + sniper long âœ…","LONG",2,,,,,
"SOL",302.22,"38856324232",1757352483998,0.9181818181818181,"bullish",7.47718226409458,3.73859113204729,58.06,1.0475817559319005,0.012102112520439603,0.012370329009770907,10,3.73859113204729,31.713614152823915,0.36898353733973366,0.9378461874270435,false,0,10,0,"anticipation","ðŸ§  MOS=0.1970 â†’ Strong Long Bias + sniper long âœ…","init",,,,"evaluateSignalOnly","ðŸ§  MOS=0.1970 â†’ Strong Long Bias + sniper long âœ…","LONG",2,,,,,
"JUP",0.52071,"38856337481",1757352515369,0.9018181818181819,"bearish",0.015400918643261326,0.007700459321630663,36.78,-0.0030665898647626714,-0.01902348782991995,0.014788414367640671,50,0.007700459321630663,23.09147673523512,0.7537181899591658,0.9325808579681819,false,0,10,1,"anticipation","ðŸ§  MOS=-0.1766 â†’ Strong Short Bias + sniper short âœ…","init",,,,"evaluateSignalOnly","ðŸ§  MOS=-0.1766 â†’ Strong Short Bias + sniper short âœ…","SHORT",2,,,,,
"JUP",0.56135,"38856361701",1757352577457,0.8909090909090908,"neutral",0.01887871302393508,0.00943935651196754,51.99,0.0023521973524331333,-0.0053273876490728175,0.016815455003803742,50,0.00943935651196754,36.235717780837,-2.455961010751423,0.8740051289502034,false,0,10,0.6336,"anticipation","ðŸ§  MOS=0.1872 â†’ Strong Long Bias + sniper long âœ…","init",,,,"evaluateSignalOnly","ðŸ§  MOS=0.1872 â†’ Strong Long Bias + sniper long âœ…","LONG",2,,,,,
"SUI",3.72,"38856375611",1757352611285,0.7345454545454545,"neutral",0.1548316736868826,0.0774158368434413,52.92,0.00007472902857309088,0.010797263746286765,0.02081055644373819,10,0.0774158368434413,22.728234756953675,-0.5830535767386458,0.815706698560141,false,0,10,0,"anticipation","ðŸ§  MOS=0.1847 â†’ Strong Long Bias + sniper long âœ…","init",,,,"evaluateSignalOnly","ðŸ§  MOS=0.1847 â†’ Strong Long Bias + sniper long âœ…","LONG",2,,,,,
"COMP",45.379,"38856377389",1757352615236,0.8363636363636363,"neutral",2.1683290447267227,1.0841645223633614,47.26,0.22521645751024144,-0.004931038758014042,0.023891568303509237,5,1.0841645223633614,27.317653026860675,-1.997865191573723,1.033922952142152,false,0,10,1,"anticipation","ðŸ§  MOS=0.2585 â†’ Strong Long Bias + sniper long âœ… | bearish long âœ…","init",,,,"evaluateSignalOnly","ðŸ§  MOS=0.2585 â†’ Strong Long Bias + sniper long âœ… | bearish long âœ…","LONG",2,,,,,
"SOL",204.65,"38856380860",1757352624787,0.5527272727272726,"neutral",7.3643418910695955,3.6821709455347977,54.51,-0.07770781862667725,-0.0014647388366200195,0.01799248174510542,10,3.6821709455347977,13.958720928541519,0.5000030886823907,0.9689333720537804,false,0,10,0,"anticipation","ðŸ§  MOS=-0.1555 â†’ Strong Short Bias + sniper short âœ…","init",,,,"evaluateSignalOnly","ðŸ§  MOS=-0.1555 â†’ Strong Short Bias + sniper short âœ…","SHORT",2,,,,,
"TAO",359.87,"38856382489",1757352626148,0.9181818181818181,"bullish",15.153129494913856,7.576564747456928,63.31,1.7982542679877593,0.020365740065090652,0.021053795834613837,5,7.576564747456928,31.864049905797234,1.4220420844194486,0.8544759219460728,false,0,10,0,"anticipation","ðŸ§  MOS=0.2346 â†’ Strong Long Bias + sniper long âœ…","init",,,,"evaluateSignalOnly","ðŸ§  MOS=0.2346 â†’ Strong Long Bias + sniper long âœ…","LONG",2,,,,,
"SNX",0.72767,"38856399989",1757352656932,0.5909090909090908,"neutral",0.02128709201878375,0.010643546009391875,45.7,0.00011675721757320608,0.0007424765701925434,0.01462684019359032,10,0.010643546009391875,12.17413794148251,-0.1549712636679974,0.9019094431505384,false,0,10,0.3564,"anticipation","ðŸ§  MOS=0.2787 â†’ Strong Long Bias + sniper long âœ…","init",,,,"evaluateSignalOnly","ðŸ§  MOS=0.2787 â†’ Strong Long Bias + sniper long âœ…","LONG",2,,,,,
"DOGE",0.25659,"38856413979",1757352679688,0.8472727272727273,"bearish",0.007375297675332466,0.003687648837666233,41.88,0.00036316804567695883,-0.0058710303890853206,0.01437160949600648,10,0.003687648837666233,18.444456317236504,-1.1323392834690686,1.1469725843971303,false,0,10,0.3742,"anticipation","ðŸ§  MOS=0.1299 â†’ Strong Long Bias + sniper long âœ…","init",,,,"evaluateSignalOnly","ðŸ§  MOS=0.1299 â†’ Strong Long Bias + sniper long âœ…","LONG",2,,,,,
"TAO",348.68,"38856438170",1757352722940,0.8090909090909091,"bearish",12.930276886613937,6.4651384433069685,40.62,-0.9306608502931245,-0.008028832054014839,0.01854166201279465,5,6.4651384433069685,15.387554095090673,0.02581717089788782,0.8096692716863623,false,0,10,0,"anticipation","ðŸ§  MOS=0.2209 â†’ Strong Long Bias + sniper long âœ…","init",,,,"evaluateSignalOnly","ðŸ§  MOS=0.2209 â†’ Strong Long Bias + sniper long âœ…","LONG",2,,,,,
"FIL",1.7882,"38856457810",1757352752988,0.8363636363636363,"neutral",0.10819701542237953,0.054098507711189764,51.92,-0.004780348860052547,0.0036947338855478824,0.03025299634541131,10,0.054098507711189764,24.189446823221278,-1.6130959115344332,0.8796843071907313,false,0,10,0.4137,"anticipation","ðŸ§  MOS=-0.1037 â†’ Strong Short Bias + sniper short âœ… | bullish short âœ…","init",,,,"evaluateSignalOnly","ðŸ§  MOS=-0.1037 â†’ Strong Short Bias + sniper short âœ… | bullish short âœ…","SHORT",2,,,,,
"OP",0.64278,"38856462402",1757352760272,0.5909090909090908,"neutral",0.03145010263560421,0.015725051317802104,49.66,-0.0013972703777685369,-0.0007708970976548461,0.02446427361599228,50,0.015725051317802104,14.547607815526767,-0.9981792597314811,1.076481718006033,false,0,10,0.5242,"anticipation","ðŸ§  MOS=-0.1253 â†’ Strong Short Bias + sniper short âœ…","init",,,,"evaluateSignalOnly","ðŸ§  MOS=-0.1253 â†’ Strong Short Bias + sniper short âœ…","SHORT",2,,,,,
"WLD",1.5867,"38856484854",1757352793630,0.9181818181818181,"neutral",0.06799296249718219,0.033996481248591094,62.15,0.0008914068499806041,0.0204752733799581,0.02142549826111039,10,0.033996481248591094,30.11954184357966,1.4453113993808735,0.9060602141117258,false,0,10,0,"anticipation","ðŸ§  MOS=0.1920 â†’ Strong Long Bias + sniper long âœ…","init",,,,"evaluateSignalOnly","ðŸ§  MOS=0.1920 â†’ Strong Long Bias + sniper long âœ…","LONG",2,,,,,
"TAO",348.84,"38856486221",1757352796311,0.7818181818181817,"neutral",15.395560284345146,7.697780142172573,54.16,1.9906237416816328,0.010778707707799842,0.022066653915521612,5,7.697780142172573,14.474685583575253,-0.6003294383791182,0.9930546279008234,false,0,10,0.3088,"anticipation","ðŸ§  MOS=0.2666 â†’ Strong Long Bias + sniper long âœ…","init",,,,"evaluateSignalOnly","ðŸ§  MOS=0.2666 â†’ Strong Long Bias + sniper long âœ…","LONG",2,,,,,
"GALA",0.01959,"38856492556",1757352807684,0.8363636363636363,"neutral",0.0007402842344190781,0.00037014211720953907,45.27,0.000010383119609356733,-0.004451536074738022,0.01889735112012212,10,0.00037014211720953907,24.478484961481268,0.12960949205218242,1.1908431773342203,false,0,10,0.4766,"anticipation","ðŸ§  MOS=0.1986 â†’ Strong Long Bias + sniper long âœ… | bearish long âœ…","init",,,,"evaluateSignalOnly","ðŸ§  MOS=0.1986 â†’ Strong Long Bias + sniper long âœ… | bearish long âœ…","LONG",2,,,,,
"BNB",1018.8,"38856520024",1757352848411,0.9018181818181819,"neutral",29.404476580938965,14.702238290469483,43.87,0.4877230117458762,-0.010217797892740776,0.01443042853348933,10,14.702238290469483,25.58485695845857,-0.02124244570152456,0.8945075840425631,false,0,10,1,"anticipation","ðŸ§  MOS=0.1519 â†’ Strong Long Bias + sniper long âœ… | bearish long âœ…","init",,,,"evaluateSignalOnly","ðŸ§  MOS=0.1519 â†’ Strong Long Bias + sniper long âœ… | bearish long âœ…","LONG",2,,,,,
"ATOM",5.4857,"38856524817",1757352857422,0.7436363636363637,"neutral",0.13879410457553493,0.06939705228776746,47.33,0.0023451870855524144,-0.003049032807809388,0.012650509783864044,10,0.06939705228776746,14.474144934352895,0.29400134018507984,0.8482296606394621,false,0,10,0,"anticipation","ðŸ§  MOS=0.1451 â†’ Strong Long Bias + sniper long âœ…","init",,,,"evaluateSignalOnly","ðŸ§  MOS=0.1451 â†’ Strong Long Bias + sniper long âœ…","LONG",2,,,,,
"JUP",0.56877,"38856536039",1757352881378,0.9018181818181819,"bearish",0.018669437264719584,0.009334718632359792,35.7,-0.0008954504098402042,-0.01612840878691037,0.016411978014605654,50,0.009334718632359792,24.008849563778302,0.2719474450116657,0.9429139550702529,false,0,10,0.8358,"anticipation","ðŸ§  MOS=0.3789 â†’ Strong Long Bias + sniper long âœ…","init",,,,"evaluateSignalOnly","ðŸ§  MOS=0.3789 â†’ Strong Long Bias + sniper long âœ…","LONG",2,,,,,
"EIGEN",2.0345,"38856540503",1757352890427,0.7599999999999999,"neutral",0.0467991811721046,0.0233995905860523,48.57,0.0013675038515251533,-0.00600968758776028,0.011501568056970559,5,0.0233995905860523,18.814621277000022,-1.415925560098131,0.8283031571586943,false,0,10,0.2187,"anticipation","ðŸ§  MOS=0.1201 â†’ Strong Long Bias + sniper long âœ…","init",,,,"evaluateSignalOnly","ðŸ§  MOS=0.1201 â†’ Strong Long Bias + sniper long âœ…","LONG",2,,,,,
"JUP",0.68717,"38856570539",1757352946122,0.8090909090909091,"neutral",0.02112692882173988,0.01056346441086994,46.32,0.001832396369677137,0.001609457313380783,0.015372499411419068,50,0.01056346441086994,31.030692907698537,-0.3359713965790263,0.8726379985368184,false,0,10,0.9304,"anticipation","ðŸ§  MOS=0.2095 â†’ Strong Long Bias + sniper long âœ… | bearish long âœ…","init",,,,"evaluateSignalOnly","ðŸ§  MOS=0.2095 â†’ Strong Long Bias + sniper long âœ… | bearish long âœ…","LONG",2,,,,,
"TAO",402.74,"38856574927",1757352954192,0.8909090909090908,"neutral",10.439080380378549,5.219540190189274,48.91,0.9705613379253015,-0.003364741410653807,0.012959955883949647,5,5.219540190189274,39.97642388260318,-0.33665715751056524,0.996295220598174,false,0,10,0.7085,"anticipation","ðŸ§  MOS=0.2897 â†’ Strong Long Bias + sniper long âœ… | bearish long âœ…","init",,,,"evaluateSignalOnly","ðŸ§  MOS=0.2897 â†’ Strong Long Bias + sniper long âœ… | bearish long âœ…","LONG",2,,,,,
"FIL",2.098,"38856589098",1757352978549,0.7818181818181817,"neutral",0.08404497120444256,0.04202248560222128,51.61,-0.002081715894813402,0.007168712386135389,0.020029483223530566,10,0.04202248560222128,17.606606257184044,-0.06709113346444795,1.0860217640104088,false,0,10,0.5818,"anticipation","ðŸ§  MOS=-0.2064 â†’ Strong Short Bias + sniper short âœ…","init",,,,"evaluateSignalOnly","ðŸ§  MOS=-0.2064 â†’ Strong Short Bias + sniper short âœ…","SHORT",2,,,,,
"NEAR",2.8504,"38856603566",1757353009491,0.8145454545454545,"neutral",0.09843650732240272,0.04921825366120136,45.32,0.004971153574517627,-0.006083475793809704,0.017267261012670176,20,0.04921825366120136,21.618494169778444,-1.2024494231239444,0.8432132730931196,false,0,10,0.2939,"anticipation","ðŸ§  MOS=0.1543 â†’ Strong Long Bias + sniper long âœ… | bearish long âœ…","init",,,,"evaluateSignalOnly","ðŸ§  MOS=0.1543 â†’ Strong Long Bias + sniper long âœ… | bearish long âœ…","LONG",2,,,,,
"OP",0.7862,"38856604596",1757353012309,0.9018181818181819,"neutral",0.031376516186845047,0.015688258093422523,63.81,0.0013840083017203405,0.020839992649617785,0.019954658120656395,50,0.015688258093422523,26.205685513242315,0.6677881655175426,1.1455012368399893,false,0,10,0.645,"anticipation","ðŸ§  MOS=0.1863 â†’ Strong Long Bias + sniper long âœ…","init",,,,"evaluateSignalOnly","ðŸ§  MOS=0.1863 â†’ Strong Long Bias + sniper long âœ…","LONG",2,,,,,
"FIL",2.4695,"38856623253",1757353038028,0.8363636363636363,"neutral",0.13143983258361627,0.06571991629180814,45.78,0.003857196082606769,-0.007290749905429501,0.026612870728635975,10,0.06571991629180814,25.571253458604026,-1.4399057504584363,0.9368304327387011,false,0,10,0.6542,"anticipation","ðŸ§  MOS=0.2365 â†’ Strong Long Bias + sniper long âœ…","init",,,,"evaluateSignalOnly","ðŸ§  MOS=0.2365 â†’ Strong Long Bias + sniper long âœ…","LONG",2,,,,,
"ARB",0.4358,"38856686446",1757353180115,0.5527272727272726,"neutral",0.026413595075471585,0.013206797537735793,50.27,-0.0019514219822756662,0.0006643244655151839,0.030305059407361973,10,0.013206797537735793,12.840555120778436,0.07772878045075515,0.9805345222665097,false,0,10,0,"anticipation","ðŸ§  MOS=-0.2580 â†’ Strong Short Bias + sniper short âœ…","init",,,,"evaluateSignalOnly","ðŸ§  MOS=-0.2580 â†’ Strong Short Bias + sniper short âœ…","SHORT",2,,,,,
"JUP",0.58841,"38856693894",1757353203232,0.9563636363636363,"neutral",0.02085379758255446,0.01042689879127723,61.03,0.001409863270546095,0.019912304083016547,0.017720574615145486,50,0.01042689879127723,32.539938855459084,-0.8284314159618233,1.00234417029531,false,0,10,0.9835,"anticipation","ðŸ§  MOS=0.2697 â†’ Strong Long Bias + sniper long âœ…","init",,,,"evaluateSignalOnly","ðŸ§  MOS=0.2697 â†’ Strong Long Bias + sniper long âœ…","LONG",2,,,,,
"OP",0.95838,"38856707510",1757353238879,0.9018181818181819,"bullish",0.02565050239090966,0.01282525119545483,61.57,0.005434235205113677,0.013506266914179365,0.013382263736295204,50,0.01282525119545483,20.576073160477574,0.19657983716045635,0.9145848768354601,false,0,10,1,"anticipation","ðŸ§  MOS=0.1223 â†’ Strong Long Bias + sniper long âœ…","init",,,,"evaluateSignalOnly","ðŸ§  MOS=0.1223 â†’ Strong Long Bias + sniper long âœ…","LONG",2,,,,,
"GALA",0.01858,"38856709786",1757353246450,0.7818181818181817,"bearish",0.0008244084617039405,0.00041220423085197024,46.9,-0.00002244538905218029,-0.006657184256574959,0.02218340773033029,10,0.00041220423085197024,16.74905167616428,-0.2885595672134791,1.154894458245609,false,0,10,0.5471,"anticipation","ðŸ§  MOS=0.3031 â†’ Strong Long Bias + sniper long âœ…","init",,,,"evaluateSignalOnly","ðŸ§  MOS=0.3031 â†’ Strong Long Bias + sniper long âœ…","LONG",2,,,,,
"ADA",0.83121,"38856758486",1757353333572,0.9018181818181819,"neutral",0.03702089713362834,0.01851044856681417,37.38,-0.004363033666008671,-0.021791149088045764,0.022269171981792627,3,0.01851044856681417,26.50943283547214,0.7868713658460571,1.1561045964369425,false,0,10,1,"anticipation","ðŸ§  MOS=-0.1855 â†’ Strong Short Bias + sniper short âœ…","init",,,,"evaluateSignalOnly","ðŸ§  MOS=-0.1855 â†’ Strong Short Bias + sniper short âœ…","SHORT",2,,,,,
"ADA",0.85852,"38856769392",1757353345756,0.8472727272727273,"neutral",0.024306311237469194,0.012153155618734597,63.38,0.0018388031031549646,0.014672212284529059,0.014155965151345548,3,0.012153155618734597,13.520789715691906,1.0447754829153375,0.9193737734188847,false,0,10,0.6135,"anticipation","ðŸ§  MOS=0.2824 â†’ Strong Long Bias + sniper long âœ…","init",,,,"evaluateSignalOnly","ðŸ§  MOS=0.2824 â†’ Strong Long Bias + sniper long âœ…","LONG",2,,,,,
"JUP",0.61082,"38856780353",1757353368826,0.7818181818181817,"neutral",0.018609861209623626,0.009304930604811813,49.3,0.001767220870397989,0.005839079360465445,0.015233593417202573,50,0.009304930604811813,16.750471592957112,-1.1688727063179485,1.1972943538536351,false,0,10,0.7697,"anticipation","ðŸ§  MOS=0.2695 â†’ Strong Long Bias + sniper long âœ…","init",,,,"evaluateSignalOnly","ðŸ§  MOS=0.2695 â†’ Strong Long Bias + sniper long âœ…","LONG",2,,,,,
"WIF",0.78482,"38856799751",1757353411432,0.8363636363636363,"neutral",0.03169304157241524,0.01584652078620762,49.99,-0.00032683515780751113,-0.012252752047611183,0.02019121393019956,5,0.01584652078620762,25.890026614332246,-1.137030886301364,0.7901580224811033,false,0,10,0.7651,"anticipation","ðŸ§  MOS=-0.1167 â†’ Strong Short Bias + sniper short âœ…","init",,,,"evaluateSignalOnly","ðŸ§  MOS=-0.1167 â†’ Strong Short Bias + sniper short âœ…","SHORT",2,,,,,
"FIL",2.9684,"38856802651",1757353415821,0.9018181818181819,"bearish",0.06370334150970751,0.031851670754853754,36.25,-0.002311457818814965,-0.014707285103338396,0.01073040194473813,10,0.031851670754853754,24.66980953108874,0.5944171071670361,1.0636821164455483,false,0,10,0.387,"anticipation","ðŸ§  MOS=0.1988 â†’ Strong Long Bias + sniper long âœ…","init",,,,"evaluateSignalOnly","ðŸ§  MOS=0.1988 â†’ Strong Long Bias + sniper long âœ…","LONG",2,,,,,
"ATOM",5.3127,"38856961801",1757353719786,0.7545454545454544,"neutral",0.14595210080681884,0.07297605040340942,47,0.01824013932406625,0.002399300092411907,0.013736091451521862,10,0.07297605040340942,23.87150997127569,-0.4333181007417757,1.1140183759961237,false,0,10,1,"anticipation","ðŸ§  MOS=0.3466 â†’ Strong Long Bias + sniper long âœ…","init",,,,"evaluateSignalOnly","ðŸ§  MOS=0.3466 â†’ Strong Long Bias + sniper long âœ…","LONG",2,,,,,
"BTC",155515.8,"38856987530",1757353772588,0.7163636363636363,"neutral",4611.150027773355,2305.5750138866774,50.62,249.7677239415358,0.0023260940705418284,0.014825337862698783,40,2305.5750138866774,20.89383695349934,-1.4892741521891075,1.18431982063218,false,0,10,0,"anticipation","ðŸ§  MOS=0.1644 â†’ Strong Long Bias + sniper long âœ…","init",,,,"evaluateSignalOnly","ðŸ§  MOS=0.1644 â†’ Strong Long Bias + sniper long âœ…","LONG",2,,,,,
"OP",0.78627,"38856992926",1757353785880,0.8363636363636363,"neutral",0.025344580106733922,0.012672290053366961,50.87,0.0019053286688971234,0.008472267448839397,0.01611693889185872,50,0.012672290053366961,21.63455719032315,-0.1016721414773194,0.9586593819554224,false,0,10,0.7688,"anticipation","ðŸ§  MOS=0.2783 â†’ Strong Long Bias + sniper long âœ…","init",,,,"evaluateSignalOnly","ðŸ§  MOS=0.2783 â†’ Strong Long Bias + sniper long âœ…","LONG",2,,,,,
"BNB",1060.9,"38857299309",1757354189853,0.8090909090909091,"neutral",30.869225347660755,15.434612673830378,59.49,2.9230543279841634,0.01489041807416109,0.014548394289946255,10,15.434612673830378,19.77495576776081,1.2610288697963732,1.0823565628907978,false,0,10,0,"anticipation","ðŸ§  MOS=0.2361 â†’ Strong Long Bias + sniper long âœ…","init",,,,"evaluateSignalOnly","ðŸ§  MOS=0.2361 â†’ Strong Long Bias + sniper long âœ…","LONG",2,,,,,
"SOL",256.68,"38857367524",1757354338655,0.9181818181818181,"neutral",7.123611054643029,3.5618055273215146,63.48,-0.30649833132730997,0.01759728589165553,0.013876706828698883,10,3.5618055273215146,36.354309781251416,-0.14818080143011514,0.9250416903030051,false,0,10,0,"anticipation","ðŸ§  MOS=0.2430 â†’ Strong Long Bias + sniper long âœ…","init",,,,"evaluateSignalOnly","ðŸ§  MOS=0.2430 â†’ Strong Long Bias + sniper long âœ…","LONG",2,,,,,
"FET",0.5984,"38857384543",1757354365999,0.9563636363636363,"bullish",0.028561278028351053,0.014280639014175527,56.07,-0.0017653526194297171,0.008260416958115172,0.023864540530442502,10,0.014280639014175527,34.30450442473344,-1.1757492396791491,1.1630524158663738,false,0,10,0.5761,"anticipation","ðŸ§  MOS=-0.1357 â†’ Strong Short Bias + sniper short âœ…","init",,,,"evaluateSignalOnly","ðŸ§  MOS=-0.1357 â†’ Strong Short Bias + sniper short âœ…","SHORT",2,,,,,
"JUP",0.52216,"38857387390",1757354372397,0.5909090909090908,"neutral",0.0177327144311539,0.00886635721557695,48.96,0.0009766149107589286,0.0008226723295979159,0.016980211432132745,50,0.00886635721557695,17.63716206455928,-0.1932142364961713,0.8098585880266306,false,0,10,0.8565,"anticipation","ðŸ§  MOS=0.1560 â†’ Strong Long Bias + sniper long âœ…","init",,,,"evaluateSignalOnly","ðŸ§  MOS=0.1560 â†’ Strong Long Bias + sniper long âœ…","LONG",2,,,,,
"FIL",2.525,"38857399719",1757354401645,0.8472727272727273,"neutral",0.12418092724062647,0.06209046362031324,56.75,0.008504810256874648,0.020998659673911776,0.024590056849401007,10,0.06209046362031324,18.79319214905405,-0.16080160280917255,0.8290528479897494,false,0,10,0.5619,"anticipation","ðŸ§  MOS=0.2127 â†’ Strong Long Bias + sniper long âœ…","init",,,,"evaluateSignalOnly","ðŸ§  MOS=0.2127 â†’ Strong Long Bias + sniper long âœ…","LONG",2,,,,,
"FET",0.64771,"38857419406",1757354427733,0.7818181818181817,"neutral",0.03025636582816747,0.015128182914083734,53.69,0.0002563695311034271,0.004599029947505775,0.023356535448626103,10,0.015128182914083734,15.908663167042896,-0.5124079048501464,0.7948943167935991,false,0,10,0.5752,"anticipation","ðŸ§  MOS=0.1481 â†’ Strong Long Bias + sniper long âœ…","init",,,,"evaluateSignalOnly","ðŸ§  MOS=0.1481 â†’ Strong Long Bias + sniper long âœ…","LONG",2,,,,,
"TAO",360.66,"38857427130",1757354437905,0.7436363636363637,"neutral",19.09288224157302,9.54644112078651,53.61,0.8926613262044709,0.012785180323100985,0.026469276518704375,5,9.54644112078651,13.205760339397507,-0.7201164893232423,1.1441999881776328,false,0,10,0,"anticipation","ðŸ§  MOS=0.1334 â†’ Strong Long Bias + sniper long âœ…","init",,,,"evaluateSignalOnly","ðŸ§  MOS=0.1334 â†’ Strong Long Bias + sniper long âœ…","LONG",2,,,,,
"OP",0.76349,"38857462017",1757354498962,0.8927272727272726,"neutral",0.03045286788107302,0.01522643394053651,55.1,0.00003080311307096517,0.013492526883197358,0.019943156452056503,50,0.01522643394053651,30.158469228785542,-0.517892403351464,1.1594606604765179,false,0,10,0.8045,"anticipation","ðŸ§  MOS=0.2604 â†’ Strong Long Bias + sniper long âœ…","init",,,,"evaluateSignalOnly","ðŸ§  MOS=0.2604 â†’ Strong Long Bias + sniper long âœ…","LONG",2,,,,,
"AAVE",345.69,"38857473185",1757354514515,0.5527272727272726,"neutral",9.555557538403312,4.777778769201656,49.52,0.13386316443750262,0.0009256414718849689,0.01382112248410838,10,4.777778769201656,17.36594201737954,-0.9134107774401237,1.045223010956953,false,0,10,0,"anticipation","ðŸ§  MOS=0.1778 â†’ Strong Long Bias + sniper long âœ…","init",,,,"evaluateSignalOnly","ðŸ§  MOS=0.1778 â†’ Strong Long Bias + sniper long âœ…","LONG",2,,,,,
"BTC",129223.8,"38857495534",1757354548074,0.9563636363636363,"neutral",4194.142628644978,2097.071314322489,41.23,337.3262164107625,-0.011983469389498005,0.01622821768928994,40,2097.071314322489,39.975121571491556,0.33466723461862813,0.822371271835151,false,0,10,1,"anticipation","ðŸ§  MOS=0.1963 â†’ Strong Long Bias + sniper long âœ… | bearish long âœ…","init",,,,"evaluateSignalOnly","ðŸ§  MOS=0.1963 â†’ Strong Long Bias + sniper long âœ… | bearish long âœ…","LONG",2,,,,,
"OP",0.89335,"38857552736",1757354654828,0.7545454545454544,"bearish",0.022751749449904497,0.011375874724952249,46.68,0.0008114806084791567,-0.0020994105248700852,0.012733998887061518,50,0.011375874724952249,22.802011179602207,-0.07719225925799122,1.1943307886286596,false,0,10,0.7444,"anticipation","ðŸ§  MOS=0.1854 â†’ Strong Long Bias + sniper long âœ… | bearish long âœ…","init",,,,"evaluateSignalOnly","ðŸ§  MOS=0.1854 â†’ Strong Long Bias + sniper long âœ… | bearish long âœ…","LONG",2,,,,,
"DOGE",0.18221,"38857584095",1757354708226,0.7818181818181817,"neutral",0.0090695532235342,0.0045347766117671,47.62,-0.0005473543141998966,-0.0072265593327039595,0.024888027830421357,10,0.0045347766117671,17.35525029791963,-1.1832231880984416,0.9647007282017286,false,0,10,0.8871,"anticipation","ðŸ§  MOS=-0.2751 â†’ Strong Short Bias + sniper short âœ…","init",,,,"evaluateSignalOnly","ðŸ§  MOS=-0.2751 â†’ Strong Short Bias + sniper short âœ…","SHORT",2,,,,,
"ADA",0.86139,"38857647031",1757354807502,0.8145454545454545,"neutral",0.03870478651687556,0.01935239325843778,49.19,-0.0014956765777359333,0.004136079090883628,0.022466347785400513,3,0.01935239325843778,27.202451771233573,-1.6215783172951106,0.9840754633590725,false,0,10,0.1806,"anticipation","ðŸ§  MOS=-0.1743 â†’ Strong Short Bias + sniper short âœ…","init",,,,"evaluateSignalOnly","ðŸ§  MOS=-0.1743 â†’ Strong Short Bias + sniper short âœ…","SHORT",2,,,,,
"ADA",0.91876,"38857850356",1757355120089,0.88,"bullish",0.03705942015415722,0.01852971007707861,57.43,0.00212462072592569,0.008615723450193947,0.02016827101107864,3,0.01852971007707861,20.369427712205937,0.41188862384250413,0.9403630030271639,false,0,10,0.2176,"anticipation","ðŸ§  MOS=0.3959 â†’ Strong Long Bias + sniper long âœ…","init",,,,"evaluateSignalOnly","ðŸ§  MOS=0.3959 â†’ Strong Long Bias + sniper long âœ…","LONG",2,,,,,
"FIL",2.6885,"38858355261",1757356161070,0.8090909090909091,"bullish",0.08152096333616936,0.04076048166808468,59.47,0.00408312278676581,0.014903767128411466,0.015160828575764486,10,0.04076048166808468,17.539352497328746,-0.7761665537193103,0.9549916600254095,false,0,10,0,"anticipation","ðŸ§  MOS=0.3917 â†’ Strong Long Bias + sniper long âœ…","init",,,,"evaluateSignalOnly","ðŸ§  MOS=0.3917 â†’ Strong Long Bias + sniper long âœ…","LONG",2,,,,,
"FET",0.80584,"38858360430",1757356182141,0.9563636363636363,"neutral",0.02101690447821149,0.010508452239105745,62.44,0.0039433378339553266,0.01955309364083674,0.013040363914424037,10,0.010508452239105745,33.06335118836008,0.4380226355228558,0.8799593605902527,false,0,10,1,"anticipation","ðŸ§  MOS=0.2885 â†’ Strong Long Bias + sniper long âœ…","init",,,,"evaluateSignalOnly","ðŸ§  MOS=0.2885 â†’ Strong Long Bias + sniper long âœ…","LONG",2,,,,,
"IMX",0.5683,"38858530949",1757356589619,0.8090909090909091,"bullish",0.02319655307349941,0.011598276536749705,59.91,0.0027224027465017208,0.011698846889813527,0.020408846107780532,10,0.011598276536749705,16.15001883313915,0.3025513662401291,1.002271858430524,false,0,10,0,"anticipation","ðŸ§  MOS=0.1629 â†’ Strong Long Bias + sniper long âœ…","init",,,,"evaluateSignalOnly","ðŸ§  MOS=0.1629 â†’ Strong Long Bias + sniper long âœ…","LONG",2,,,,,
"FET",0.65358,"38858540378",1757356605229,0.6618181818181817,"neutral",0.03135654099904507,0.015678270499522536,48.16,0.0007243681413180537,0.002761283914158197,0.023988252432699003,10,0.015678270499522536,17.627209995382714,0.020631600534159134,0.8978428562732124,false,0,10,0,"anticipation","ðŸ§  MOS=0.2240 â†’ Strong Long Bias + sniper long âœ…","init",,,,"evaluateSignalOnly","ðŸ§  MOS=0.2240 â†’ Strong Long Bias + sniper long âœ…","LONG",2,,,,,
"OP",0.60515,"38858562810",1757356654542,0.869090909090909,"neutral",0.033798830942112,0.016899415471056,47.89,-0.0049256869205023535,0.003942483696984961,0.027925832728047266,50,0.016899415471056,37.854400718886424,-2.5894437595534896,1.0493091694939933,false,0,10,0.2042,"anticipation","ðŸ§  MOS=-0.1179 â†’ Strong Short Bias + sniper short âœ…","init",,,,"evaluateSignalOnly","ðŸ§  MOS=-0.1179 â†’ Strong Short Bias + sniper short âœ…","SHORT",2,,,,,
"AVAX",28.79,"38858704507",1757356984872,0.7436363636363637,"neutral",1.3921271566448241,0.6960635783224121,50.66,0.06204789369160939,0.004729875037985845,0.02417698286440815,10,0.6960635783224121,16.895129022932494,-0.0028209596484067845,0.891899254851508,false,0,10,0,"anticipation","ðŸ§  MOS=0.2164 â†’ Strong Long Bias + sniper long âœ…","init",,,,"evaluateSignalOnly","ðŸ§  MOS=0.2164 â†’ Strong Long Bias + sniper long âœ…","LONG",2,,,,,
"ATOM",4.372,"38858707190",1757356991085,0.9181818181818181,"neutral",0.16712582264775724,0.08356291132387862,64.33,0.0036814787994002562,0.02364852912347056,0.019113139605956665,10,0.08356291132387862,45.79896302839515,0.04213253202969014,1.2024761284444812,false,0,10,0,"anticipation","ðŸ§  MOS=0.1060 â†’ Strong Long Bias + sniper long âœ…","init",,,,"evaluateSignalOnly","ðŸ§  MOS=0.1060 â†’ Strong Long Bias + sniper long âœ…","LONG",2,,,,,
"AVAX",28.071,"38858750182",1757357124297,0.5909090909090908,"neutral",0.7449078658164765,0.37245393290823825,49.32,0.08145989224994846,0.0012983038080208351,0.013268143679620328,10,0.37245393290823825,13.379246214594756,-0.9852881518353183,0.918735848079632,false,0,10,1,"anticipation","ðŸ§  MOS=0.1958 â†’ Strong Long Bias + sniper long âœ…","init",,,,"evaluateSignalOnly","ðŸ§  MOS=0.1958 â†’ Strong Long Bias + sniper long âœ…","LONG",2,,,,,
"AAVE",314.21,"38858756196",1757357140738,0.8636363636363636,"neutral",11.785650764764272,5.892825382382136,56.95,1.7204218809161123,0.020083196216793466,0.018754671756406074,10,5.892825382382136,24.064023023160036,0.10724468944432175,0.9962209749015649,false,0,10,0,"anticipation","ðŸ§  MOS=0.1103 â†’ Strong Long Bias + sniper long âœ…","init",,,,"evaluateSignalOnly","ðŸ§  MOS=0.1103 â†’ Strong Long Bias + sniper long âœ…","LONG",2,,,,,
"ARB",0.64785,"38858771102",1757357181708,0.7727272727272727,"neutral",0.023318111814506916,0.011659055907253458,46.56,-0.00006275503790142273,0.006490532088511941,0.01799656314790116,10,0.011659055907253458,29.162906155881508,-2.155122053194617,0.8210333361627136,false,0,10,0.6197,"anticipation","ðŸ§  MOS=0.1976 â†’ Strong Long Bias + sniper long âœ… | bearish long âœ…","init",,,,"evaluateSignalOnly","ðŸ§  MOS=0.1976 â†’ Strong Long Bias + sniper long âœ… | bearish long âœ…","LONG",2,,,,,
"GALA",0.01371,"38858803339",1757357269399,0.88,"bullish",0.0005662082966632125,0.0002831041483316062,63.75,0.000007974830784561536,0.014818643095280812,0.020644325283357974,10,0.0002831041483316062,28.28010970430418,0.5590532774253916,1.033516161142802,false,0,10,0.1764,"anticipation","ðŸ§  MOS=-0.1033 â†’ Strong Short Bias + sniper short âœ…","init",,,,"evaluateSignalOnly","ðŸ§  MOS=-0.1033 â†’ Strong Short Bias + sniper short âœ…","SHORT",2,,,,,
"PYTH",0.11836,"38858808579",1757357285188,0.8909090909090908,"neutral",0.00582809918198003,0.002914049590990015,52.67,-0.0007749566463136209,0.0037236800277417894,0.024619962156246677,10,0.002914049590990015,30.4135471891785,-1.4454656786069329,0.8817834149115631,false,0,10,0.6517,"anticipation","ðŸ§  MOS=-0.1687 â†’ Strong Short Bias + sniper short âœ… | bullish short âœ…","init",,,,"evaluateSignalOnly","ðŸ§  MOS=-0.1687 â†’ Strong Short Bias + sniper short âœ… | bullish short âœ…","SHORT",2,,,,,
"WLD",1.0735,"38858812395",1757357291752,0.7818181818181817,"neutral",0.06792750041799296,0.03396375020899648,49.25,-0.004363043013426542,-0.005205332305555111,0.03163752219785953,10,0.03396375020899648,12.432744817905746,0.46336346699064457,0.8627763761559364,false,0,10,0.3129,"anticipation","ðŸ§  MOS=-0.1264 â†’ Strong Short Bias + sniper short âœ…","init",,,,"evaluateSignalOnly","ðŸ§  MOS=-0.1264 â†’ Strong Short Bias + sniper short âœ…","SHORT",2,,,,,
"WLD",1.628,"38858828813",1757357343894,0.88,"neutral",0.05965416092266453,0.029827080461332266,41.14,-0.001658642457582831,-0.0161758640879112,0.018321751929524788,10,0.029827080461332266,29.558074255392253,0.8231481084317771,1.0754445826933954,false,0,10,0.1577,"anticipation","ðŸ§  MOS=0.1183 â†’ Strong Long Bias + sniper long âœ… | bearish long âœ…","init",,,,"evaluateSignalOnly","ðŸ§  MOS=0.1183 â†’ Strong Long Bias + sniper long âœ… | bearish long âœ…","LONG",2,,,,,
"OP",0.72002,"38858851381",1757357391856,0.9018181818181819,"bearish",0.027272537024465415,0.013636268512232708,41.96,0.001652075216612356,-0.007143691942679423,0.01893876392920799,50,0.013636268512232708,29.052446645426755,-0.4815242954224068,1.1628203285630483,false,0,10,0.677,"anticipation","ðŸ§  MOS=0.2226 â†’ Strong Long Bias + sniper long âœ… | bearish long âœ…","init",,,,"evaluateSignalOnly","ðŸ§  MOS=0.2226 â†’ Strong Long Bias + sniper long âœ… | bearish long âœ…","LONG",2,,,,,
"ATOM",3.9276,"38860069125",1757360013303,0.9563636363636363,"neutral",0.19221319282013496,0.09610659641006748,64.62,-0.006634310046571196,0.027548915560547508,0.024469295722081223,10,0.09610659641006748,53.09138822309658,-2.4195397033780353,1.1485276971740983,false,0,10,0.7523,"anticipation","ðŸ§  MOS=-0.1010 â†’ Strong Short Bias + sniper short âœ…","init",,,,"evaluateSignalOnly","ðŸ§  MOS=-0.1010 â†’ Strong Short Bias + sniper short âœ…","SHORT",2,,,,,
"PYTH",0.18488,"38861441716",1757362941265,0.5690909090909091,"neutral",0.005357111073987678,0.002678555536993839,47.43,-0.00035146280744243917,-0.00026806151376007696,0.014487777226620332,10,0.002678555536993839,17.996605871599066,-0.6765921189161332,1.1289566724495534,false,0,10,0.2042,"anticipation","ðŸ§  MOS=0.1801 â†’ Strong Long Bias + sniper long âœ… | bearish long âœ…","init",,,,"evaluateSignalOnly","ðŸ§  MOS=0.1801 â†’ Strong Long Bias + sniper long âœ… | bearish long âœ…","LONG",2,,,,,
"ARB",0.29926,"38862203847",1757364764284,0.8636363636363636,"bullish",0.026956480156043044,0.013478240078021522,67.86,0.0012638808876090403,0.02439974728788244,0.04503915766052452,10,0.013478240078021522,27.417422126903272,1.2786506295069735,0.9388151978038635,false,0,10,0,"anticipation","ðŸ§  MOS=-0.1286 â†’ Strong Short Bias + sniper short âœ…","init",,,,"evaluateSignalOnly","ðŸ§  MOS=-0.1286 â†’ Strong Short Bias + sniper short âœ…","SHORT",2,,,,,
"ALGO",0.3069,"38862785476",1757366412753,0.8472727272727273,"bullish",0.009274701396445302,0.004637350698222651,56.9,0.0010045850988408592,0.006340229483684576,0.015110295606133679,5,0.004637350698222651,16.422757843203414,0.42133459027521525,1.2107901683148046,false,0,10,0.7951,"anticipation","ðŸ§  MOS=0.2486 â†’ Strong Long Bias + sniper long âœ…","init",,,,"evaluateSignalOnly","ðŸ§  MOS=0.2486 â†’ Strong Long Bias + sniper long âœ…","LONG",2,,,,,
"OP",0.72497,"38862796023",1757366459488,0.8090909090909091,"neutral",0.03495711233017941,0.017478556165089705,55.13,0.0009388193216024448,0.011765136685740642,0.02410920332689093,50,0.017478556165089705,19.826010362555685,0.5908237697207994,1.1486633575225025,false,0,10,0,"anticipation","ðŸ§  MOS=0.2078 â†’ Strong Long Bias + sniper long âœ…","init",,,,"evaluateSignalOnly","ðŸ§  MOS=0.2078 â†’ Strong Long Bias + sniper long âœ…","LONG",2,,,,,
"ALGO",0.24859,"38863062952",1757367440719,0.8363636363636363,"neutral",0.009301478435746432,0.004650739217873216,46.65,0.000697095530191664,-0.004863102041572865,0.018708249595327058,5,0.004650739217873216,27.484308094276656,-0.8269745723995356,1.0837445046334282,false,0,10,1,"anticipation","ðŸ§  MOS=0.2499 â†’ Strong Long Bias + sniper long âœ…","init",,,,"evaluateSignalOnly","ðŸ§  MOS=0.2499 â†’ Strong Long Bias + sniper long âœ…","LONG",2,,,,,
"ATOM",4.519,"38863079288",1757367516128,0.9345454545454545,"neutral",0.23119818588144675,0.11559909294072337,55.76,-0.003105944508665276,0.019417248558816623,0.02558091468976268,10,0.11559909294072337,42.758148647076894,-1.5932218394255102,1.104514917724993,false,0,10,0.2982,"anticipation","ðŸ§  MOS=0.3104 â†’ Strong Long Bias + sniper long âœ…","init",,,,"evaluateSignalOnly","ðŸ§  MOS=0.3104 â†’ Strong Long Bias + sniper long âœ…","LONG",2,,,,,
"COMP",64.308,"38863083490",1757367532664,0.8145454545454545,"neutral",1.8508804429126138,0.9254402214563069,50.36,0.16180468335216536,-0.007576411458910022,0.014390689660311935,5,0.9254402214563069,24.406477569625718,-1.229546270990511,1.0057719510169723,false,0,10,0.2815,"anticipation","ðŸ§  MOS=0.1421 â†’ Strong Long Bias + sniper long âœ…","init",,,,"evaluateSignalOnly","ðŸ§  MOS=0.1421 â†’ Strong Long Bias + sniper long âœ…","LONG",2,,,,,
"FET",0.81289,"38863084448",1757367537417,0.9781818181818182,"neutral",0.019576370738573507,0.009788185369286754,29.27,-0.0005145838803250324,-0.03353531589685713,0.012041225089322437,10,0.009788185369286754,47.1145303201922,0.6394004243468672,1.160610931232615,false,0,10,0.1351,"anticipation","ðŸ§  MOS=0.1429 â†’ Strong Long Bias + sniper long âœ…","init",,,,"evaluateSignalOnly","ðŸ§  MOS=0.1429 â†’ Strong Long Bias + sniper long âœ…","LONG",2,,,,,
"GALA",0.02035,"38863089799",1757367557923,0.8363636363636363,"neutral",0.0004878835193591309,0.00024394175967956544,54.16,0.000050700398161833154,0.009480550098811658,0.011985902942410519,10,0.00024394175967956544,20.082559617909556,-1.5392071127842328,1.0057313630120703,false,0,10,0.3736,"anticipation","ðŸ§  MOS=0.1762 â†’ Strong Long Bias + sniper long âœ…","init",,,,"evaluateSignalOnly","ðŸ§  MOS=0.1762 â†’ Strong Long Bias + sniper long âœ…","LONG",2,,,,,
"OP",0.83267,"38863091948",1757367570802,0.9563636363636363,"bearish",0.02707800109895865,0.013539000549479326,38.81,0.00212873209417562,-0.011917854159418002,0.016259771585728864,50,0.013539000549479326,46.85814807120923,-0.5534211928884076,1.0103105324840782,false,0,10,0.3906,"anticipation","ðŸ§  MOS=0.1697 â†’ Strong Long Bias + sniper long âœ… | bearish long âœ…","init",,,,"evaluateSignalOnly","ðŸ§  MOS=0.1697 â†’ Strong Long Bias + sniper long âœ… | bearish long âœ…","LONG",2,,,,,
"SAND",0.31245,"38863113118",1757367639535,0.9563636363636363,"neutral",0.011225546699879227,0.0056127733499396135,41.46,0.0008441591868057121,-0.017852786229001844,0.017964006587061945,5,0.0056127733499396135,47.70239005469225,-0.2492464189260275,0.9196319401680313,false,0,10,0.4995,"anticipation","ðŸ§  MOS=0.1206 â†’ Strong Long Bias + sniper long âœ…","init",,,,"evaluateSignalOnly","ðŸ§  MOS=0.1206 â†’ Strong Long Bias + sniper long âœ…","LONG",2,,,,,
"ADA",1.0314,"38863360653",1757368810172,0.9018181818181819,"neutral",0.03884697758081889,0.019423488790409445,57.04,0.004364356851776042,0.016003472078485674,0.018831647714745613,3,0.019423488790409445,22.356401507020177,-1.1241587792029044,1.05131187407178,false,0,10,1,"anticipation","ðŸ§  MOS=0.1834 â†’ Strong Long Bias + sniper long âœ…","init",,,,"evaluateSignalOnly","ðŸ§  MOS=0.1834 â†’ Strong Long Bias + sniper long âœ…","LONG",2,,,,,
"TAO",403.88,"38863365030",1757368814466,0.9018181818181819,"neutral",10.862736937339413,5.431368468669707,43.77,0.12229238758042049,-0.011685918551730616,0.013448132309933481,5,5.431368468669707,26.91823302189507,0.17111452285221418,0.8743904841075434,false,0,10,0.4809,"anticipation","ðŸ§  MOS=0.1381 â†’ Strong Long Bias + sniper long âœ… | bearish long âœ…","init",,,,"evaluateSignalOnly","ðŸ§  MOS=0.1381 â†’ Strong Long Bias + sniper long âœ… | bearish long âœ…","LONG",2,,,,,
"DOGE",0.26019,"38863383325",1757368863074,0.7,"neutral",0.008045656100066727,0.004022828050033364,54.42,0.0008625744581886078,-0.001272149895470008,0.015461379617833997,10,0.004022828050033364,32.62241440967895,-1.453933837990121,0.8366973231813752,false,0,10,0.3879,"anticipation","ðŸ§  MOS=0.1253 â†’ Strong Long Bias + sniper long âœ…","init",,,,"evaluateSignalOnly","ðŸ§  MOS=0.1253 â†’ Strong Long Bias + sniper long âœ…","LONG",2,,,,,
"SOL",224.51,"38863408656",1757368916360,0.9018181818181819,"bullish",8.108793581007056,4.054396790503528,56.66,1.2977129307781419,0.00887727589762179,0.0180592276180414,10,4.054396790503528,22.845894086215534,-1.0346403218810423,1.1585892855594864,false,0,10,0.5504,"anticipation","ðŸ§  MOS=0.1948 â†’ Strong Long Bias + sniper long âœ…","init",,,,"evaluateSignalOnly","ðŸ§  MOS=0.1948 â†’ Strong Long Bias + sniper long âœ…","LONG",2,,,,,
"AAVE",280.2,"38863536730",1757369110227,0.8636363636363636,"neutral",9.190603834169286,4.595301917084643,43.83,-0.7800596704868992,-0.018392303357849995,0.01639991131423475,10,4.595301917084643,24.574408468372656,0.12175418654630121,1.1070857063442257,false,0,10,0,"anticipation","ðŸ§  MOS=-0.3459 â†’ Strong Short Bias + sniper short âœ…","init",,,,"evaluateSignalOnly","ðŸ§  MOS=-0.3459 â†’ Strong Short Bias + sniper short âœ…","SHORT",2,,,,,
"IMX",0.53239,"38863965771",1757370111220,0.8472727272727273,"bullish",0.025442325205547418,0.012721162602773709,58.43,0.003513825853592909,0.009676520608454633,0.023894562222140776,10,0.012721162602773709,17.720159376866388,-0.26754845289406504,0.9379772695544071,false,0,10,0.9767,"anticipation","ðŸ§  MOS=0.2669 â†’ Strong Long Bias + sniper long âœ…","init",,,,"evaluateSignalOnly","ðŸ§  MOS=0.2669 â†’ Strong Long Bias + sniper long âœ…","LONG",2,,,,,
"OP",0.59909,"38863966873",1757370117699,0.7836363636363636,"neutral",0.029826555466135288,0.014913277733067644,55.23,0.000024815404094664928,0.013035702843790372,0.02489324774668024,50,0.014913277733067644,18.046564976926064,-1.3154023482835413,0.8558683423977742,false,0,10,0.3081,"anticipation","ðŸ§  MOS=-0.1210 â†’ Strong Short Bias + sniper short âœ…","init",,,,"evaluateSignalOnly","ðŸ§  MOS=-0.1210 â†’ Strong Short Bias + sniper short âœ…","SHORT",2,,,,,
"OP",0.71699,"38865588749",1757374389745,0.838181818181818,"bearish",0.026615381462487,0.0133076907312435,39.28,0.0000668632790498773,-0.011348932790774252,0.01856055332147353,50,0.0133076907312435,22.86865276541666,0.7175039051343042,0.9230153136276139,false,0,10,0.3303,"anticipation","ðŸ§  MOS=0.1083 â†’ Strong Long Bias + sniper long âœ… | bearish long âœ…","init",,,,"evaluateSignalOnly","ðŸ§  MOS=0.1083 â†’ Strong Long Bias + sniper long âœ… | bearish long âœ…","LONG",2,,,,,
"IMX",0.39192,"38865589982",1757374395526,0.9018181818181819,"bullish",0.03698508815384055,0.018492544076920275,64.07,0.002447263189751494,0.02169534843932069,0.04718447116932328,10,0.018492544076920275,25.261123761174083,0.7102633103143461,1.1601980789468405,false,0,10,0.4408,"anticipation","ðŸ§  MOS=-0.1011 â†’ Strong Short Bias + sniper short âœ… | bullish short âœ…","init",,,,"evaluateSignalOnly","ðŸ§  MOS=-0.1011 â†’ Strong Short Bias + sniper short âœ… | bullish short âœ…","SHORT",2,,,,,
"SUI",3.591,"38865607956",1757374459284,0.8636363636363636,"bearish",0.13491816353852698,0.06745908176926349,31.97,-0.013475721274670865,-0.02738817909318097,0.018785414126450618,10,0.06745908176926349,22.43408987477874,1.5389854720421283,1.0243572288330907,false,0,10,0,"anticipation","ðŸ§  MOS=0.1532 â†’ Strong Long Bias + sniper long âœ…","init",,,,"evaluateSignalOnly","ðŸ§  MOS=0.1532 â†’ Strong Long Bias + sniper long âœ…","LONG",2,,,,,
"SAND",0.21322,"38865609150",1757374467162,0.8163636363636363,"neutral",0.012503856633606742,0.006251928316803371,42.89,-0.000017278263904283754,-0.011276781401990631,0.02932165448844155,5,0.006251928316803371,22.330046456567302,-0.4801567396085815,0.9288337136749308,false,0,10,0.2964,"anticipation","ðŸ§  MOS=-0.1976 â†’ Strong Short Bias + sniper short âœ…","init",,,,"evaluateSignalOnly","ðŸ§  MOS=-0.1976 â†’ Strong Short Bias + sniper short âœ…","SHORT",2,,,,,
"COMP",46.762,"38867638294",1757377649904,0.8472727272727273,"bullish",2.3378469442874357,1.1689234721437178,60.01,0.2132393376872142,0.010739167891743822,0.024997168779730603,5,1.1689234721437178,18.36129291665437,0.12782831002617812,1.1259718259077403,false,0,10,0.5832,"anticipation","ðŸ§  MOS=0.2268 â†’ Strong Long Bias + sniper long âœ…","init",,,,"evaluateSignalOnly","ðŸ§  MOS=0.2268 â†’ Strong Long Bias + sniper long âœ…","LONG",2,,,,,
"SAND",0.29601,"38867640054",1757377652437,0.88,"bearish",0.017644132958991792,0.008822066479495896,43.32,0.000714958785994581,-0.009373153170095802,0.029803762707751733,5,0.008822066479495896,25.23035392286461,-1.9140340236185516,0.8623767098652907,false,0,10,0.1731,"anticipation","ðŸ§  MOS=0.1484 â†’ Strong Long Bias + sniper long âœ…","init",,,,"evaluateSignalOnly","ðŸ§  MOS=0.1484 â†’ Strong Long Bias + sniper long âœ…","LONG",2,,,,,
"SUSHI",1.206,"38867644510",1757377660115,0.5909090909090908,"neutral",0.030257733469649196,0.015128866734824598,50.73,0.0025368321151995697,-0.00032648001623307844,0.012545025119226939,10,0.015128866734824598,19.655892793648217,-0.9304866877001245,0.993855358225261,false,0,10,0.7265,"anticipation","ðŸ§  MOS=0.1593 â†’ Strong Long Bias + sniper long âœ…","init",,,,"evaluateSignalOnly","ðŸ§  MOS=0.1593 â†’ Strong Long Bias + sniper long âœ…","LONG",2,,,,,
"FET",0.79753,"38867645606",1757377662547,0.7818181818181817,"neutral",0.02740900136282889,0.013704500681414445,52.71,0.002895322001400375,0.0076512668813550205,0.017183597866557956,10,0.013704500681414445,14.771873154497493,-1.0900189559739175,1.0338720312881646,false,0,10,0.7919,"anticipation","ðŸ§  MOS=0.2576 â†’ Strong Long Bias + sniper long âœ…","init",,,,"evaluateSignalOnly","ðŸ§  MOS=0.2576 â†’ Strong Long Bias + sniper long âœ…","LONG",2,,,,,
"WLD",1.8852,"38867682379",1757377712912,0.8909090909090908,"neutral",0.10310076054017252,0.05155038027008626,51.97,-0.017299264565210304,-0.004297771277204212,0.027344226058982242,10,0.05155038027008626,34.14259273728764,-2.372199593999113,1.0592498003042483,false,0,10,1,"anticipation","ðŸ§  MOS=-0.1138 â†’ Strong Short Bias + sniper short âœ…","init",,,,"evaluateSignalOnly","ðŸ§  MOS=-0.1138 â†’ Strong Short Bias + sniper short âœ…","SHORT",2,,,,,
"SNX",0.94088,"38867682711",1757377713345,0.9563636363636363,"neutral",0.026412192396966707,0.013206096198483354,56.98,0.003997573561132927,0.02079456932069395,0.014035943445240427,10,0.013206096198483354,32.010584540861224,0.9643605017589287,1.1045411726899095,false,0,10,1,"anticipation","ðŸ§  MOS=0.2347 â†’ Strong Long Bias + sniper long âœ…","init",,,,"evaluateSignalOnly","ðŸ§  MOS=0.2347 â†’ Strong Long Bias + sniper long âœ…","LONG",2,,,,,
"WLD",2.0811,"38870105960",1757380993115,0.8636363636363636,"bullish",0.0755655764388025,0.03778278821940125,60.55,0.0009147597042575908,0.011119039814040168,0.018154803992294653,10,0.03778278821940125,22.04177609336515,0.3008460874597425,0.8595434443864337,false,0,10,0,"anticipation","ðŸ§  MOS=0.2164 â†’ Strong Long Bias + sniper long âœ…","init",,,,"evaluateSignalOnly","ðŸ§  MOS=0.2164 â†’ Strong Long Bias + sniper long âœ…","LONG",2,,,,,
"WLD",2.4404,"38870121072",1757381010845,0.7545454545454544,"neutral",0.07179759513331298,0.03589879756665649,50.04,0.004085202541490047,-0.002794065849045443,0.014709982662519999,10,0.03589879756665649,24.810181509955328,-1.9059860469926235,0.9398231549249438,false,0,10,0.7768,"anticipation","ðŸ§  MOS=0.2135 â†’ Strong Long Bias + sniper long âœ…","init",,,,"evaluateSignalOnly","ðŸ§  MOS=0.2135 â†’ Strong Long Bias + sniper long âœ…","LONG",2,,,,,
"GALA",0.01631,"38873019648",1757385214524,0.7727272727272727,"neutral",0.0011229188271059184,0.0005614594135529592,54.98,-0.000004212204906728812,0.013439179840649464,0.0344175742769677,10,0.0005614594135529592,25.407013067361042,-0.7459998904480827,0.9795883751674763,false,0,10,0.3423,"anticipation","ðŸ§  MOS=-0.1878 â†’ Strong Short Bias + sniper short âœ… | bullish short âœ…","init",,,,"evaluateSignalOnly","ðŸ§  MOS=-0.1878 â†’ Strong Short Bias + sniper short âœ… | bullish short âœ…","SHORT",2,,,,,
"NEAR",2.5931,"38873062974",1757385281462,0.8472727272727273,"bearish",0.10035090372517141,0.05017545186258571,39.24,-0.009903719036948196,-0.014489984588552397,0.019349689965547003,20,0.05017545186258571,16.837180949769174,1.3626097337007668,1.080742985862787,false,0,10,0.7246,"anticipation","ðŸ§  MOS=-0.1223 â†’ Strong Short Bias + sniper short âœ…","init",,,,"evaluateSignalOnly","ðŸ§  MOS=-0.1223 â†’ Strong Short Bias + sniper short âœ…","SHORT",2,,,,,
